target_class,feature,coefficient_per_scaled_unit
0,current_partial,-1.802159858946756
0,current_impassable,-2.700413399943319
0,season_sin,0.08647528205784355
0,season_cos,0.5086356443376503
0,log_status_age_days,0.021163207254323965
0,recent_status_change,0.17207376411083877
0,has_previous_map,0.07117777090468871
0,ever_observed_change,-0.3716903891205752
0,previous_map_gap_days,0.03166207540633975
0,log_rain_7d,0.19528846790916246
0,rain_trend_log,-0.0007092722450335437
0,flood_detected_days_7d,-0.08055764017061916
0,flood_trend_days,0.07569381616996237
0,log_flood_intensity_7d,0.3847275680098096
0,current_partial_x_log_rain_7d,-0.27775886433362296
0,current_partial_x_flood_detected_days_7d,0.0728562526897744
0,current_impassable_x_log_rain_7d,0.024187289627040965
0,current_impassable_x_flood_detected_days_7d,-0.43024258773212964
1,current_partial,1.4614421046543886
1,current_impassable,0.21663715540921927
1,season_sin,0.06277489039986782
1,season_cos,-0.10629779601354054
1,log_status_age_days,-0.1662181916816796
1,recent_status_change,-0.07356286416236847
1,has_previous_map,0.17376291214725975
1,ever_observed_change,-0.21668140023356344
1,previous_map_gap_days,-0.013120191862488922
1,log_rain_7d,0.03359575106424383
1,rain_trend_log,0.044833952301569516
1,flood_detected_days_7d,0.09055309701353205
1,flood_trend_days,0.007413310533062614
1,log_flood_intensity_7d,-0.15359823025764333
1,current_partial_x_log_rain_7d,-0.0987983942759883
1,current_partial_x_flood_detected_days_7d,0.03719285804126824
1,current_impassable_x_log_rain_7d,-0.5334671534389189
1,current_impassable_x_flood_detected_days_7d,-0.0076796649354546
2,current_partial,0.34071775429236517
2,current_impassable,2.4837762445340976
2,season_sin,-0.1492501724577105
2,season_cos,-0.4023378483241091
2,log_status_age_days,0.1450549844273565
2,recent_status_change,-0.0985108999484709
2,has_previous_map,-0.2449406830519481
2,ever_observed_change,0.5883717893541393
2,previous_map_gap_days,-0.0185418835438505
2,log_rain_7d,-0.22888421897340636
2,rain_trend_log,-0.04412468005653518
2,flood_detected_days_7d,-0.00999545684291264
2,flood_trend_days,-0.08310712670302602
2,log_flood_intensity_7d,-0.23112933775216649
2,current_partial_x_log_rain_7d,0.3765572586096105
2,current_partial_x_flood_detected_days_7d,-0.11004911073104266
2,current_impassable_x_log_rain_7d,0.5092798638118786
2,current_impassable_x_flood_detected_days_7d,0.43792225266758483
