node_id,name,degree
1,Abiemnhom,2
2,Abiriu,2
3,Abyei,2
4,Adar,3
5,Adok,1
6,Aduel,3
7,Ajak Kuac,4
8,Ajuong Thok,1
9,Akobo,3
10,Akot,2
11,Akuem,2
12,Akun,2
13,Akwot,3
14,Aluakluak,3
15,Amadi,2
16,Amok Piny,2
17,Aweil,4
18,Awerial,2
19,Ayod,3
20,Baidit,2
21,Baliet,2
22,Bentiu,4
23,Boma,5
24,Bor,4
25,Camp 15,2
26,Chandoy/Dolo2,1
27,Chukudum,1
28,Cueibet,2
29,Deim Zubeir,2
30,Dhorbor,3
31,Dhorbor Junction,3
32,Diabio,3
33,Ding Ding,2
34,Duk Padiet,3
35,Ezo,1
36,Fangak Junction,3
37,Faraksika,2
38,Fatuet,1
39,Gadiang,6
40,Ganyiel,1
41,Ganyiel Junction,4
42,Gemeiza,2
43,Gogrial,3
44,Gossinga,3
45,Guit,5
46,Gumbo,2
47,Gumuruk,2
48,Hiyala,3
49,Ikotos,1
50,Imehejek,1
51,Indirigwa,2
52,Jemaam,2
53,Juba,8
54,Kaikang,2
55,Kaikuny,2
56,Kajo Keji,1
57,Kaljak,2
58,Kangi,2
59,Kapalala,2
60,Kapoeta,4
61,Karam,2
62,Karic,2
63,Kassangor,2
64,Keew,1
65,Kiech Kon,2
66,Kilo 30,6
67,Koch,3
68,Kodok,2
69,Kongor,1
70,Kuajok,2
71,Kuernyang,1
72,Kuron,2
73,Labarab,3
74,Lafon,3
75,Lainya,2
76,Langario,2
77,Langdit,2
78,Lankien,2
79,Leer,2
80,Likuangole,2
81,Liria,2
82,Lui,2
83,Maban,1
84,Mabior,4
85,Madol,3
86,Magwi,1
87,Maiwut,2
88,Malakal,2
89,Manga Port,1
90,Mangalla,2
91,Mankien,2
92,Manyabol,3
93,Maper (Lakes),2
94,Mapuordit,2
95,Marial-Baai,2
96,Maridi,2
97,Maruwa,2
98,Mathiang,3
99,Mayen Abun,2
100,Mayendit,2
101,Mayom,5
102,Melut,1
103,Mingkaman,2
104,Mirmir,3
105,Mogok,1
106,Motot,5
107,Mundri,4
108,Mvolo,3
109,Naandi,2
110,Nadapal,1
111,Narus,3
112,Nasser,1
113,New Fangak,1
114,Nhialdiu,1
115,Nimule,1
116,Nyal,1
117,Nyambor,2
118,Nyamlell,2
119,Nyandit,3
120,Nyang,2
121,Nyingaro,2
122,Nzara,2
123,Old Fangak,2
124,Pading,2
125,Pagak,1
126,Pageri,2
127,Paguir,2
128,Pajut,3
129,Paloich,4
130,Panakuach,2
131,Pariang,4
132,Pathai,5
133,Payuel,3
134,Pengko,2
135,Pibor,3
136,Pieri,2
137,Piling,2
138,Pochala,1
139,Poktap,3
140,Poloich,2
141,Raja,4
142,Renk,1
143,Rokon,2
144,Roriak,3
145,Rumbek,4
146,Rupkuai,3
147,Saura,2
148,Shambe,1
149,Tali,2
150,Tambura,2
151,Terakeka,3
152,Thar Kueng,2
153,Tonj,2
154,Torit,4
155,Tumor,2
156,Turalei,2
157,Udici,2
158,Udier,1
159,Vertet,2
160,Waat,2
161,Walgak,2
162,War-Awar,2
163,Wau,5
164,Wulu,2
165,Wunrok,3
166,Yambio,2
167,Yei,1
168,Yeri,2
169,Yida,1
170,Yirol,3
171,Yith Pabol,1
172,Yuai,5
