node_id,name,degree,lat,lon
1,Abiemnhom,3,9.3956658,28.821029
2,Abyei,2,9.5974896,28.4405788
3,Adar,3,10.064973,32.9623737
4,Adok,1,8.155,30.3
5,Aduel,1,6.6268581,29.8976072
6,Ajak Kuac,1,9.2899378,28.7102808
7,Ajuong Thok,1,9.97444,30.285761
8,Akobo,3,7.7929337,33.0029396
9,Akuem,1,8.9532983,27.5065031
10,Akon,2,8.8908527,27.9639708
11,Akwot,3,9.0841,32.4252
12,Aluakluak,4,6.472670041008651,30.100124821135964
13,Amok Piny,2,7.05454,30.07855
14,Aweil,5,8.7693352,27.3962085
15,Ayod,3,8.1236035,31.4097976
16,Baidit,2,6.4663339,31.5340167
17,Baliet,2,9.2971519,32.0661924
18,Bentiu,4,9.2481076,29.7976737
19,Boma,4,6.1824839,34.3922514
20,Bor,4,6.2108741,31.5614397
21,Chandoy/Dolo2,1,8.21562,25.3744
22,Chukudum,1,4.2331068,33.4945369
23,Dablual,1,8.3122575,30.0152277
24,Deim Zubeir,2,7.71624,26.1951973
25,Dhorbor,2,9.27999,29.52674
26,Diabio,1,4.9728686,28.025693
27,Ding Ding,2,8.893915191335227,29.85804763267076
28,Duk Padiet,3,7.7497653,31.3959666
29,Ezo,1,5.0857047,27.466719
30,Fatuet,1,7.822797337019272,31.655171606286352
31,Gadiang,6,7.1428253,31.7050412
32,Ganyiel,1,7.405133,30.472528
33,Gemeiza,2,5.6807128,31.797714
34,Gogrial,3,8.5344438,28.0984675
35,Gossinga,3,8.647804284789705,25.981885951833736
36,Guit,5,9.1625559,29.9139909
37,Gumuruk,2,6.635056,32.9095416
38,Hiyala,1,4.4616286,32.8714002
39,Ikotos,1,4.0784728,33.1078963
40,Imehejek,1,4.7620743,32.7581757
41,Jemaam,2,10.147423,33.22419
42,Juba,8,4.8459246,31.5959173
43,Kaikang,2,9.30233607075806,29.150760722281603
44,Kaikuny,2,8.0945809,32.3927247
45,Kajo Keji,1,3.8732643,31.6649919
46,Kapalala,2,8.446188214681003,26.00505386034703
47,Kapoeta,4,4.7691017,33.58997
48,Karam,2,8.209632,31.823863
49,Kassangor,1,5.7670781,33.9730397
50,Keew,1,9.2605,30.638833
51,Kiech Kon,2,8.9528142,32.9282309
52,Kilo 30,6,9.477118,29.674058
53,Koch,3,8.593184,29.995299
54,Kodok,2,9.8875,32.108345
55,Kongor,1,7.14117,31.35167
56,Kuajok,2,8.3024209,27.9789446
57,Kuernyang,1,9.3195216,30.8886612
58,Kuron,2,5.7056582,34.5650725
59,Labarab,3,6.6611024,33.9696989
60,Lafon,3,5.0289515,32.4731135
61,Lainya,2,4.3396843,31.0755257
62,Langdit,2,7.063972150461279,29.09257692380704
63,Lankien,2,8.5248787,32.0618875
64,Leer,2,8.3040834,30.1411544
65,Likuangole,2,7.0506672,33.0075607
66,Maban,1,9.9633955,33.7259061
67,Mabior,4,7.1653652,31.4038165
68,Madol,1,7.90323,29.8426
69,Magwi,1,4.127944,32.299641
70,Maiwut,2,8.6107065,33.923913
71,Malakal,2,9.5388487,31.6584168
72,Manga Port,1,9.447218,29.982872
73,Mangalla,2,5.1998722,31.7699131
74,Mankien,2,9.0524074,29.0942416
75,Manyabol,3,6.466528,32.575944
76,Maper (Lakes),2,7.7007016,29.7205294
77,Mapuordit,1,6.339249,30.074859
78,Maridi,2,4.9143633,29.4645282
79,Maruwa,2,6.199669232652293,33.99062003653451
80,Mathiang,3,9.02694,33.49834
81,Mayendit,1,8.13576,30.00339
82,Mayom,5,9.2254694,29.1650718
83,Melut,1,10.4419745,32.2024739
84,Mingkaman,2,6.0548059,31.5148179
85,Mirmir,4,8.4698416,30.101628
86,Mogok,1,8.4180563,31.329687
87,Motot,6,8.1647526,32.0489069
88,Mundri,4,5.3483937,30.3227139
89,Mvolo,3,6.0607554,29.9567643
90,Nadapal,1,4.404980,34.284355
91,Narus,3,4.504813,34.1660393
92,Nasser,1,8.61709,33.0737
93,New Fangak,1,9.4073225,31.162239
94,Nhialdiu,1,9.0230181,29.6761979
95,Nimule,1,3.5969348,32.0601419
96,Nyal,1,7.7270653,30.2419019
97,Nyambor,2,8.4334738,31.9459666
98,Nyandit,1,7.62,32.975167
99,Pading,2,8.4529665,31.8304793
100,Pagak,1,8.474665,34.0246349
101,Paguir,1,9.119437,30.7665154
102,Pajut,3,7.7480429,31.6919968
103,Paloich,4,10.4583543,32.5466093
104,Panakuach,2,9.726252,29.553512
105,Pariang,4,9.9190338,29.9816678
106,Pathai,5,8.0695589,31.8342865
107,Payuel,3,6.4426988,31.5521918
108,Pengko,2,6.19498,31.9994
109,Pibor,3,6.8011197,33.1297059
110,Pieri,2,8.0418191,32.0297593
111,Piling,2,8.266435808048447,30.201707628273248
112,Pochala,1,7.1851834664354906,34.0968566208686
113,Poktap,1,7.4566724,31.4117265
114,Raja,4,8.4694625,25.6793739
115,Renk,1,11.751936,32.8087719
116,Roriak,3,9.69324,29.57856
117,Rumbek,4,6.8063901,29.6767488
118,Rupkuai,2,8.3902359,30.080375
119,Shambe,1,7.1054884,30.7730423
120,Tali,2,5.900151,30.7744676
121,Tambura,2,5.609579,27.4683476
122,Terakeka,3,5.450554,31.753986
123,Thar Kueng,2,8.013623,27.999419
124,Tonj,2,7.2751765,28.681872
125,Torit,4,4.4134473,32.5682244
126,Tumor,2,9.267008,29.336666
127,Turalei,2,9.093424,28.4303002
128,Udier,1,9.3101181,33.6780942
129,Vertet,2,6.6793631,33.2060535
130,Waat,2,8.179364,32.1528986
131,Walgak,3,8.1595168,32.2397749
132,Wau,5, 7.7001398, 27.9909335
133,Wulu,2,6.5114833, 29.6278427
134,Wunrok,3,8.991486, 28.302020
135,Yambio,2,4.5680716, 28.3976700
136,Yei,1,4.0941656, 30.6756882
137,Yida,1,10.10535, 30.08876
138,Yirol,3,6.5566444, 30.5021651
139,Yith Pabol,1,9.57243962730569, 27.707058522367618
140,Yuai,5,7.9071436, 31.8879957
