road_id,issue_date,target_date,current_status,target_status,current_binary,target_binary,p_impassable_gbdt
1,2025-11-21,2025-12-04,0,0,0,0,0.008312454429266711
2,2025-11-21,2025-12-04,2,2,1,1,0.9990152716864225
3,2025-11-21,2025-12-04,0,0,0,0,0.008312454429266711
4,2025-11-21,2025-12-04,0,0,0,0,0.010895891780052193
5,2025-11-21,2025-12-04,1,1,1,1,0.9961335707053192
6,2025-11-21,2025-12-04,0,0,0,0,0.014150947087540876
7,2025-11-21,2025-12-04,2,2,1,1,0.9877890982264145
8,2025-11-21,2025-12-04,0,0,0,0,0.007402657227291881
9,2025-11-21,2025-12-04,1,0,1,0,0.8719753397936459
10,2025-11-21,2025-12-04,2,2,1,1,0.9890021620487683
11,2025-11-21,2025-12-04,1,1,1,1,0.9691756744949686
12,2025-11-21,2025-12-04,2,2,1,1,0.9986432689818586
13,2025-11-21,2025-12-04,0,0,0,0,0.009492420419346389
14,2025-11-21,2025-12-04,0,0,0,0,0.010864647863075916
15,2025-11-21,2025-12-04,0,0,0,0,0.010895891780052193
16,2025-11-21,2025-12-04,2,2,1,1,0.9990371368262189
17,2025-11-21,2025-12-04,1,1,1,1,0.9961335707053192
18,2025-11-21,2025-12-04,0,0,0,0,0.014150947087540876
19,2025-11-21,2025-12-04,0,0,0,0,0.01517456517595526
20,2025-11-21,2025-12-04,2,2,1,1,0.9986432689818586
21,2025-11-21,2025-12-04,0,0,0,0,0.008312454429266711
22,2025-11-21,2025-12-04,0,0,0,0,0.014150947087540876
23,2025-11-21,2025-12-04,1,1,1,1,0.9961335707053192
24,2025-11-21,2025-12-04,0,0,0,0,0.016231902744760416
25,2025-11-21,2025-12-04,0,0,0,0,0.014150947087540876
26,2025-11-21,2025-12-04,1,1,1,1,0.9970273844341414
27,2025-11-21,2025-12-04,1,1,1,1,0.9002661797521669
28,2025-11-21,2025-12-04,0,0,0,0,0.008312454429266711
29,2025-11-21,2025-12-04,0,0,0,0,0.008312454429266711
30,2025-11-21,2025-12-04,2,2,1,1,0.9985767198410699
31,2025-11-21,2025-12-04,2,2,1,1,0.9986727031552102
32,2025-11-21,2025-12-04,2,2,1,1,0.9981160806872242
33,2025-11-21,2025-12-04,2,2,1,1,0.9949776173880243
34,2025-11-21,2025-12-04,2,0,1,0,0.9877890982264145
35,2025-11-21,2025-12-04,2,2,1,1,0.9883473851320181
36,2025-11-21,2025-12-04,2,2,1,1,0.9990371368262189
37,2025-11-21,2025-12-04,2,2,1,1,0.9985767198410699
38,2025-11-21,2025-12-04,1,1,1,1,0.9961335707053192
39,2025-11-21,2025-12-04,2,2,1,1,0.9985767198410699
40,2025-11-21,2025-12-04,2,2,1,1,0.9985767198410699
41,2025-11-21,2025-12-04,2,2,1,1,0.9990371368262189
42,2025-11-21,2025-12-04,2,2,1,1,0.9986331360800588
43,2025-11-21,2025-12-04,2,2,1,1,0.9985877853538082
45,2025-11-21,2025-12-04,2,2,1,1,0.9990371368262189
46,2025-11-21,2025-12-04,2,2,1,1,0.9985877853538082
47,2025-11-21,2025-12-04,1,1,1,1,0.9169172749392188
48,2025-11-21,2025-12-04,1,1,1,1,0.9956842157614479
49,2025-11-21,2025-12-04,1,1,1,1,0.997250681966679
50,2025-11-21,2025-12-04,1,1,1,1,0.997250681966679
51,2025-11-21,2025-12-04,0,0,0,0,0.01196851452493301
52,2025-11-21,2025-12-04,1,1,1,1,0.9963198663448418
53,2025-11-21,2025-12-04,2,2,1,1,0.9877890982264145
54,2025-11-21,2025-12-04,0,0,0,0,0.01749468414024522
55,2025-11-21,2025-12-04,2,2,1,1,0.9883473851320181
56,2025-11-21,2025-12-04,2,2,1,1,0.9946879769939102
57,2025-11-21,2025-12-04,2,2,1,1,0.9946879769939102
58,2025-11-21,2025-12-04,2,2,1,1,0.9946766855345253
59,2025-11-21,2025-12-04,2,2,1,1,0.9985767198410699
60,2025-11-21,2025-12-04,2,2,1,1,0.9985767198410699
61,2025-11-21,2025-12-04,2,2,1,1,0.9986956566068454
62,2025-11-21,2025-12-04,2,2,1,1,0.9986956566068454
63,2025-11-21,2025-12-04,2,2,1,1,0.9986432689818586
64,2025-11-21,2025-12-04,2,2,1,1,0.9986956566068454
65,2025-11-21,2025-12-04,0,0,0,0,0.008312454429266711
66,2025-11-21,2025-12-04,2,2,1,1,0.9985767198410699
67,2025-11-21,2025-12-04,1,1,1,1,0.997250681966679
68,2025-11-21,2025-12-04,0,0,0,0,0.014150947087540876
69,2025-11-21,2025-12-04,0,0,0,0,0.014150947087540876
70,2025-11-21,2025-12-04,2,2,1,1,0.9894379957067653
71,2025-11-21,2025-12-04,2,2,1,1,0.9839851030830257
72,2025-11-21,2025-12-04,1,1,1,1,0.9002661797521669
73,2025-11-21,2025-12-04,2,1,1,1,0.993927583381712
74,2025-11-21,2025-12-04,2,2,1,1,0.9985767198410699
75,2025-11-21,2025-12-04,2,2,1,1,0.9944199288484633
76,2025-11-21,2025-12-04,0,0,0,0,0.008312454429266711
77,2025-11-21,2025-12-04,0,0,0,0,0.014150947087540876
78,2025-11-21,2025-12-04,1,1,1,1,0.9961335707053192
79,2025-11-21,2025-12-04,0,0,0,0,0.013570822936384678
80,2025-11-21,2025-12-04,1,1,1,1,0.9155021184946055
81,2025-11-21,2025-12-04,2,2,1,1,0.9883473851320181
82,2025-11-21,2025-12-04,2,2,1,1,0.9883473851320181
83,2025-11-21,2025-12-04,2,2,1,1,0.9986956566068454
84,2025-11-21,2025-12-04,2,2,1,1,0.9890021620487683
85,2025-11-21,2025-12-04,0,0,0,0,0.01749468414024522
86,2025-11-21,2025-12-04,2,2,1,1,0.9949776173880243
87,2025-11-21,2025-12-04,2,2,1,1,0.9949776173880243
88,2025-11-21,2025-12-04,2,2,1,1,0.9949776173880243
89,2025-11-21,2025-12-04,1,1,1,1,0.8930109512318744
90,2025-11-21,2025-12-04,1,1,1,1,0.9169172749392188
91,2025-11-21,2025-12-04,2,2,1,1,0.9883473851320181
92,2025-11-21,2025-12-04,0,0,0,0,0.010626374988207368
93,2025-11-21,2025-12-04,0,0,0,0,0.008312454429266711
94,2025-11-21,2025-12-04,1,1,1,1,0.9152764924454113
95,2025-11-21,2025-12-04,1,1,1,1,0.9002661797521669
96,2025-11-21,2025-12-04,2,2,1,1,0.9949776173880243
97,2025-11-21,2025-12-04,1,1,1,1,0.9970273844341414
98,2025-11-21,2025-12-04,1,0,1,0,0.6746060900205617
99,2025-11-21,2025-12-04,2,2,1,1,0.9890021620487683
100,2025-11-21,2025-12-04,1,1,1,1,0.9691756744949686
101,2025-11-21,2025-12-04,2,2,1,1,0.9986727031552102
102,2025-11-21,2025-12-04,2,2,1,1,0.9990371368262189
103,2025-11-21,2025-12-04,2,2,1,1,0.9985767198410699
104,2025-11-21,2025-12-04,2,2,1,1,0.9985585075159007
105,2025-11-21,2025-12-04,2,2,1,1,0.9990371368262189
106,2025-11-21,2025-12-04,2,2,1,1,0.9990371368262189
107,2025-11-21,2025-12-04,2,2,1,1,0.9990371368262189
108,2025-11-21,2025-12-04,1,1,1,1,0.9963198663448418
109,2025-11-21,2025-12-04,2,2,1,1,0.9985877853538082
110,2025-11-21,2025-12-04,2,2,1,1,0.9985877853538082
111,2025-11-21,2025-12-04,2,2,1,1,0.9986956566068454
112,2025-11-21,2025-12-04,1,1,1,1,0.9633320210083506
113,2025-11-21,2025-12-04,0,0,0,0,0.016231902744760416
114,2025-11-21,2025-12-04,0,0,0,0,0.014150947087540876
115,2025-11-21,2025-12-04,0,0,0,0,0.01196851452493301
116,2025-11-21,2025-12-04,1,1,1,1,0.9970273844341414
117,2025-11-21,2025-12-04,0,0,0,0,0.013733005068959756
118,2025-11-21,2025-12-04,2,2,1,1,0.9936171764302653
119,2025-11-21,2025-12-04,2,2,1,1,0.9986956566068454
120,2025-11-21,2025-12-04,2,2,1,1,0.9986956566068454
121,2025-11-21,2025-12-04,2,2,1,1,0.9986432689818586
122,2025-11-21,2025-12-04,2,2,1,1,0.9986432689818586
123,2025-11-21,2025-12-04,2,2,1,1,0.9990371368262189
124,2025-11-21,2025-12-04,1,1,1,1,0.9899806954127048
125,2025-11-21,2025-12-04,2,2,1,1,0.9986727031552102
126,2025-11-21,2025-12-04,2,2,1,1,0.9990371368262189
127,2025-11-21,2025-12-04,2,2,1,1,0.9877890982264145
128,2025-11-21,2025-12-04,1,1,1,1,0.9155021184946055
129,2025-11-21,2025-12-04,0,0,0,0,0.009492420419346389
130,2025-11-21,2025-12-04,2,2,1,1,0.9981682879122434
131,2025-11-21,2025-12-04,2,2,1,1,0.9986956566068454
132,2025-11-21,2025-12-04,2,2,1,1,0.998459027507369
133,2025-11-21,2025-12-04,1,0,1,0,0.8719753397936459
134,2025-11-21,2025-12-04,0,0,0,0,0.008312454429266711
135,2025-11-21,2025-12-04,1,1,1,1,0.9970273844341414
136,2025-11-21,2025-12-04,2,2,1,1,0.9986956566068454
137,2025-11-21,2025-12-04,2,2,1,1,0.9986956566068454
138,2025-11-21,2025-12-04,2,0,1,0,0.994051319546346
139,2025-11-21,2025-12-04,2,2,1,1,0.9985767198410699
140,2025-11-21,2025-12-04,2,2,1,1,0.9986956566068454
